,BRAND_NAME,BRAND_WEBSITE
1,Dallas Mavericks,https://markcubancompanies.com/companies/dallas-mavericks/?modal
2,Mark Cuban Cost Plus Drug Company,https://markcubancompanies.com/companies/mark-cuban-cost-plus-drug-company/?modal
3,Alyssa’s Bakery,https://markcubancompanies.com/companies/alyssas-cookies/?modal
4,AXS TV,https://markcubancompanies.com/companies/axs-tv/?modal
5,Magnolia Pictures,https://markcubancompanies.com/companies/magnolia-pictures/?modal
6,Mark Cuban Foundation,https://markcubancompanies.com/companies/mark-cuban-foundation/?modal
7,Mavs Foundation,https://markcubancompanies.com/companies/mavs-foundation/?modal
8,Texas Legends,https://markcubancompanies.com/companies/texas-legends/?modal
9,Lazy,https://markcubancompanies.com/companies/lazy/?modal
10,collegedebt.com,https://markcubancompanies.com/companies/collegedebt-com/?modal
11,Fireside,https://markcubancompanies.com/companies/fireside-chat/?modal
12,Motion Sports,https://markcubancompanies.com/companies/motion-sports/?modal
13,Greek Basketball Association,https://markcubancompanies.com/companies/greek-basketball-association/?modal
14,Skylight Social,https://markcubancompanies.com/companies/skylight-social/?modal
15,PadSplit,https://markcubancompanies.com/companies/padsplit/?modal
16,Remento,https://markcubancompanies.com/companies/remento/?modal
17,Synaptrix Labs,https://markcubancompanies.com/companies/synaptrix-labs/?modal
18,Mustard,https://markcubancompanies.com/companies/mustard/?modal
19,VibeRide,https://markcubancompanies.com/companies/viberide/?modal
20,Synthesia,https://markcubancompanies.com/companies/synthesia/?modal
21,ERISA Recovery,https://markcubancompanies.com/companies/erisa-recovery/?modal
22,Foam Party Hats,https://markcubancompanies.com/companies/foam-party-hats/?modal
23,Clipbook,https://markcubancompanies.com/companies/clipbook/?modal
24,Glove Wrap,https://markcubancompanies.com/companies/glove-wrap/?modal
25,Stage TEN,https://markcubancompanies.com/companies/stage-ten/?modal
26,DIRT,https://markcubancompanies.com/companies/dirt/?modal
27,P-Nuff,https://markcubancompanies.com/companies/p-nuff/?modal
28,Overplay,https://markcubancompanies.com/companies/overplay/?modal
29,Interlock Studios,https://markcubancompanies.com/companies/interlock-studios/?modal
30,Guardian Bikes,https://markcubancompanies.com/companies/guardian-bikes/?modal
31,Retold Recycling,https://markcubancompanies.com/companies/retold-recycling/?modal
32,Richualist,https://markcubancompanies.com/companies/richualist/?modal
33,Famous Finder,https://markcubancompanies.com/companies/famous-finder/?modal
34,Pascal Tags,https://markcubancompanies.com/companies/pascal-tags-inc/?modal
35,Divorced Girl Smiling,https://markcubancompanies.com/companies/divorced-girl-smiling/?modal
36,TrophySmack,https://markcubancompanies.com/companies/trophysmack/?modal
37,NOSHI,https://markcubancompanies.com/companies/noshi/?modal
38,Gameday Couture,https://markcubancompanies.com/companies/gameday-couture-2/?modal
39,Storage Scholars,https://markcubancompanies.com/companies/storage-scholars/?modal
40,WONDRY Wine Co.,https://markcubancompanies.com/companies/wondry-wine-co/?modal
41,Sparkcharge,https://markcubancompanies.com/companies/sparkcharge/?modal
42,Samaya AI,https://markcubancompanies.com/companies/samaya-ai/?modal
43,Melni Technologies,https://markcubancompanies.com/companies/melni-connectors/?modal
44,VNTANA,https://markcubancompanies.com/companies/vntana/?modal
45,Bequest Finance,https://markcubancompanies.com/companies/bequest-finance/?modal
46,Cerebro Sports,https://markcubancompanies.com/companies/cerebro-sports/?modal
47,HiccAway,https://markcubancompanies.com/companies/hiccaway/?modal
48,Earth Brands,https://markcubancompanies.com/companies/earth-brands/?modal
49,Joy Milk Tea,https://markcubancompanies.com/companies/joy-milk-tea/?modal
50,THEMAGIC5,https://markcubancompanies.com/companies/themagic5/?modal
51,Campus Ink,https://markcubancompanies.com/companies/campus-ink/?modal
52,tokenproof,https://markcubancompanies.com/companies/tokenproof/?modal
53,ThirdWeb,https://markcubancompanies.com/companies/thirdweb/?modal
54,EthPass,https://markcubancompanies.com/companies/ethpass/?modal
55,TokenScript,https://markcubancompanies.com/companies/tokenscript/?modal
56,Oorbit,https://markcubancompanies.com/companies/oorbit/?modal
57,Spontivly,https://markcubancompanies.com/companies/spontivly/?modal
58,TransCrypts,https://markcubancompanies.com/companies/transcrypts/?modal
59,Immi,https://markcubancompanies.com/companies/immi/?modal
60,Almost Friday Media,https://markcubancompanies.com/companies/almost-friday-media/?modal
61,Foodguides,https://markcubancompanies.com/companies/foodguides/?modal
62,"Ink, Inc.",https://markcubancompanies.com/companies/ink-inc/?modal
63,The Holiball,https://markcubancompanies.com/companies/the-holiball/?modal
64,Phaidra,https://markcubancompanies.com/companies/phaidra/?modal
65,Mad Rabbit,https://markcubancompanies.com/companies/mad-rabbit/?modal
66,Illuno,https://markcubancompanies.com/companies/illuno/?modal
67,Truffle Shuffle,https://markcubancompanies.com/companies/truffle-shuffle/?modal
68,Blocto,https://markcubancompanies.com/companies/blocto/?modal
69,Savrpak,https://markcubancompanies.com/companies/3158/?modal
70,Moolah Kicks,https://markcubancompanies.com/companies/moolah-kicks/?modal
71,Numilk,https://markcubancompanies.com/companies/numilk/?modal
72,Fabrica,https://markcubancompanies.com/companies/fabrica/?modal
73,Neutral Foods,https://markcubancompanies.com/companies/neutral-foods/?modal
74,Alethia.ai,https://markcubancompanies.com/companies/alethia-ai/?modal
75,Otolith Labs,https://markcubancompanies.com/companies/otolith-labs/?modal
76,IceBeanie,https://markcubancompanies.com/companies/icebeanie/?modal
77,Klima,https://markcubancompanies.com/companies/klimadao/?modal
78,ZenLedger,https://markcubancompanies.com/companies/zenledger/?modal
79,Yendo,https://markcubancompanies.com/companies/2742/?modal
80,Digest.ai,https://markcubancompanies.com/companies/digest-ai/?modal
81,Lucky Ducks,https://markcubancompanies.com/companies/lucky-ducks/?modal
82,dClimate,https://markcubancompanies.com/companies/dclimate/?modal
83,Cause Reports,https://markcubancompanies.com/companies/3127/?modal
84,Settle,https://markcubancompanies.com/companies/settle/?modal
85,BizToc,https://markcubancompanies.com/companies/biztoc/?modal
86,Global Teaching Project,https://markcubancompanies.com/companies/global-teaching-project/?modal
87,Rock The Bells,https://markcubancompanies.com/companies/rock-the-bells/?modal
88,Dizzy & Vertigo Institute of Los Angeles,https://markcubancompanies.com/companies/dizzy-vertigo-institute-of-los-angeles/?modal
89,Lightyear,https://markcubancompanies.com/companies/lightyear/?modal
90,DeFi Alliance,https://markcubancompanies.com/companies/defi-alliance/?modal
91,FORT Robotics,https://markcubancompanies.com/companies/fort-robotics/?modal
92,Toggle Robotics,https://markcubancompanies.com/companies/toggle-robotics/?modal
93,Strella Biotechnology,https://markcubancompanies.com/companies/strella-biotechnologies/?modal
94,Pan’s Mushroom Jerky,https://markcubancompanies.com/companies/pansmushroomjerky/?modal
95,OpenSea,https://markcubancompanies.com/companies/opensea/?modal
96,Regent Craft,https://markcubancompanies.com/companies/regent-craft/?modal
97,Offbeat Media Group,https://markcubancompanies.com/companies/offbeat-media-group/?modal
98,Mahmee,https://markcubancompanies.com/companies/mahmee/?modal
99,CryptoSlam,https://markcubancompanies.com/companies/cryptoslam/?modal
100,Cultivate,https://markcubancompanies.com/companies/cultivate/?modal
101,SuperRare,https://markcubancompanies.com/companies/superrare/?modal
102,Underdog Sports,https://markcubancompanies.com/companies/underdog-sports/?modal
103,Bala,https://markcubancompanies.com/companies/bala/?modal
104,Zapper.Fi,https://markcubancompanies.com/companies/zapper-fi/?modal
105,Moov Technologies,https://markcubancompanies.com/companies/moov-technologies/?modal
106,Polygon,https://markcubancompanies.com/companies/polygon/?modal
107,Sonara,https://markcubancompanies.com/companies/sonarahealth/?modal
108,Injective Protocol,https://markcubancompanies.com/companies/injective-protocol/?modal
109,Esprezzo,https://markcubancompanies.com/companies/esprezzo/?modal
110,Ready Set Food,https://markcubancompanies.com/companies/ready-set-food/?modal
111,ShiftSmart,https://markcubancompanies.com/companies/shiftsmart/?modal
112,Billshark,https://markcubancompanies.com/companies/billshark/?modal
113,Defined.fi,https://markcubancompanies.com/companies/defined-fi/?modal
114,Arbitrum,https://markcubancompanies.com/companies/arbitrum/?modal
115,Mrs. Goldfarb’s Unreal Deli,https://markcubancompanies.com/companies/unreal-deli/?modal
116,BSB Brown Sugar Bourbon,https://markcubancompanies.com/companies/bsb-brown-sugar-bourbon/?modal
117,Momentum,https://markcubancompanies.com/companies/momentum/?modal
118,Hala Systems,https://markcubancompanies.com/companies/hala-systems/?modal
119,Snacklins,https://markcubancompanies.com/companies/snacklins/?modal
120,Unite Genomics,https://markcubancompanies.com/companies/unite-genomics/?modal
121,Allstar Gaming,https://markcubancompanies.com/companies/all-star-gaming/?modal
122,Selery Fulfillment,https://markcubancompanies.com/companies/selery-fulfillment/?modal
123,2020CV,https://markcubancompanies.com/companies/2020cv/?modal
124,Fat Shack,https://markcubancompanies.com/companies/fat-shack/?modal
125,Genetesis,https://markcubancompanies.com/companies/genetesis/?modal
126,Guardian Mobile Firewall,https://markcubancompanies.com/companies/guardian/?modal
127,Pick-up Pools,https://markcubancompanies.com/companies/pick-up-pools/?modal
128,Baozza,https://markcubancompanies.com/companies/baozza/?modal
129,Shower Toga,https://markcubancompanies.com/companies/shower-toga/?modal
130,HYPERVSN,https://markcubancompanies.com/companies/hypervsn-kino-mo-ltd/?modal
131,Twist It Up,https://markcubancompanies.com/companies/twist-it-up/?modal
132,Osaro,https://markcubancompanies.com/companies/osaro/?modal
133,Fabric8Labs,https://markcubancompanies.com/companies/fabric8labs/?modal
134,Eon Health,https://markcubancompanies.com/companies/eon-health/?modal
135,Cup Board Pro,https://markcubancompanies.com/companies/cup-board-pro/?modal
136,Relativity Space,https://markcubancompanies.com/companies/relativity-space/?modal
137,Three Commas,https://markcubancompanies.com/companies/three-commas/?modal
138,Dust,https://markcubancompanies.com/companies/dust/?modal
139,Sportradar,https://markcubancompanies.com/companies/sportradar-ag/?modal
140,ChangEd,https://markcubancompanies.com/companies/changed/?modal
141,Sportlogiq,https://markcubancompanies.com/companies/sportlogiq/?modal
142,The Longhairs,https://markcubancompanies.com/companies/the-long-hairs/?modal
143,MUSH,https://markcubancompanies.com/companies/mush/?modal
144,Scoutible,https://markcubancompanies.com/companies/scoutible/?modal
145,Paladin,https://markcubancompanies.com/companies/paladin/?modal
146,Gecko Robotics,https://markcubancompanies.com/companies/gecko-robotics/?modal
147,Percepto,https://markcubancompanies.com/companies/vision-cortex-ltd-percepto/?modal
148,Ice Shaker,https://markcubancompanies.com/companies/ice-shaker/?modal
149,StatSocial,https://markcubancompanies.com/companies/statsocial/?modal
150,Bold Metrics,https://markcubancompanies.com/companies/bold-metrics/?modal
151,QBall,https://markcubancompanies.com/companies/qball/?modal
152,Converus,https://markcubancompanies.com/companies/converus/?modal
153,Apptopia,https://markcubancompanies.com/companies/apptopia/?modal
154,MobileODT,https://markcubancompanies.com/companies/mobileodt/?modal
155,Chirps Chips,https://markcubancompanies.com/companies/chirp-chips/?modal
156,Catapult,https://markcubancompanies.com/companies/catapult/?modal
157,REDEF,https://markcubancompanies.com/companies/mediaredef/?modal
158,Virtuix Omni,https://markcubancompanies.com/companies/virtuix-omni/?modal
159,CommitChange,https://markcubancompanies.com/companies/commitchange/?modal
160,Biomeme,https://markcubancompanies.com/companies/biomeme-inc/?modal
161,Inside.com,https://markcubancompanies.com/companies/inside/?modal
162,Philo,https://markcubancompanies.com/companies/philo/?modal
163,Validic,https://markcubancompanies.com/companies/validic/?modal
164,FiscalNote,https://markcubancompanies.com/companies/fiscal-note/?modal
165,Nimble,https://markcubancompanies.com/companies/nimble/?modal
166,WriteyBoard,https://markcubancompanies.com/companies/writeyboard/?modal
167,The Zebra,https://markcubancompanies.com/companies/the-zebra/?modal
168,Degreed,https://markcubancompanies.com/companies/degreed/?modal
169,Biolinq,https://markcubancompanies.com/companies/biolinq/?modal
170,Allure Systems,https://markcubancompanies.com/companies/allure-systems/?modal
171,ZergNet,https://markcubancompanies.com/companies/zergnet/?modal
172,IFTTT,https://markcubancompanies.com/companies/ifttt/?modal
173,Samba TV,https://markcubancompanies.com/companies/sambatv/?modal
174,Brondell,https://markcubancompanies.com/companies/brondell/?modal
175,Labdoor,https://markcubancompanies.com/companies/labdoor/?modal
176,Strateos,https://markcubancompanies.com/companies/strateos/?modal
177,Upstart,https://markcubancompanies.com/companies/upstart/?modal
178,vidIQ,https://markcubancompanies.com/companies/vidiq/?modal
179,Artists Den Entertainment,https://markcubancompanies.com/companies/artists-den-entertainment/?modal
180,3Data,https://markcubancompanies.com/companies/3data/?modal
181,Hirebotics,https://markcubancompanies.com/companies/hirebotics/?modal
182,HomeCourt,https://markcubancompanies.com/companies/homecourt/?modal
183,Sweet Tooth Hotel,https://markcubancompanies.com/companies/sweet-tooth-hotel/?modal
184,Finalyze Capital,https://markcubancompanies.com/companies/finalyze-capital/?modal
185,Pricestack,https://markcubancompanies.com/companies/pricestack/?modal
186,Catalant,https://markcubancompanies.com/companies/catalant/?modal
187,Dave,https://markcubancompanies.com/companies/dave/?modal
188,Nuts ‘N More,https://markcubancompanies.com/companies/nuts-n-more/?modal
189,SubSafe,https://markcubancompanies.com/companies/subsafe/?modal
190,The Living Christmas Company,https://markcubancompanies.com/companies/the-living-christmas-co/?modal
191,The Lapel Project,https://markcubancompanies.com/companies/the-lapel-project/?modal
192,R. Riveter,https://markcubancompanies.com/companies/r-riveter/?modal
193,Prep Expert,https://markcubancompanies.com/companies/prep-expert/?modal
194,Packback,https://markcubancompanies.com/companies/packback/?modal
195,MeshTek Labs,https://markcubancompanies.com/companies/ilumi/?modal
196,Hugo’s Amazing Tape,https://markcubancompanies.com/companies/hugos-amazing-tape/?modal
197,Echo Valley Meats,https://markcubancompanies.com/companies/echo-valley-meats/?modal
198,Dude Products,https://markcubancompanies.com/companies/dude-products-inc/?modal
199,Combat Flip Flops,https://markcubancompanies.com/companies/combat-flip-flops/?modal
200,Chapul,https://markcubancompanies.com/companies/chapul/?modal
201,Brightwheel,https://markcubancompanies.com/companies/brightwheel/?modal
202,LuminAID,https://markcubancompanies.com/companies/luminaid/?modal
203,Simple Sugars,https://markcubancompanies.com/companies/simple-sugars/?modal
204,Zoobean,https://markcubancompanies.com/companies/zoobean/?modal
205,Tower Paddle Boards,https://markcubancompanies.com/companies/tower-paddle-boards/?modal
206,Loliware,https://markcubancompanies.com/companies/loliware/?modal
207,CivicScience,https://markcubancompanies.com/companies/civicscience/?modal
208,Open Garden,https://markcubancompanies.com/companies/open-garden/?modal
209,AngelHack Corporation,https://markcubancompanies.com/companies/angelhack-corporation/?modal
210,Sriracha2Go,https://markcubancompanies.com/companies/sriracha2go/?modal
